<?xml version="1.0" encoding="UTF-8"?>
<SoftTokenDeviceDefinition xmlns:xsi="http://www.w3.org/2001/XMLSchema-instance" xmlns="http://www.rsasecurity.com/schemas/2007/07/SoftTokenDeviceDefinition.xsd" >
	<TokenName>RSA SecurID(R) Software Token with Automation 5.x for Windows(R)</TokenName>
	<TokenFamily>Desktop PC with Automation</TokenFamily>
	<TokenVersion>5.x</TokenVersion>
	<Description>RSA SecurID(R) Software Token with Automation 5.x for Windows(R)</Description>
	<IsCtkipCapable>true</IsCtkipCapable>
	<IsTSFCapable>false</IsTSFCapable>
	<IsXMLFileSeeded>true</IsXMLFileSeeded>
	<IsAppDefTokenSettings>true</IsAppDefTokenSettings>
	<IsPinPadToken>true|false</IsPinPadToken>
	<TokenCodeType>time</TokenCodeType>
	<TokenCodeLength>8|6</TokenCodeLength>
	<TokenCodeInterval>60|30</TokenCodeInterval>
	<PluginModuleName>PC Software Token V3.0 or later</PluginModuleName>
	<AttributeDefinitions>
		<AttributeDefinition>
			<AttributeName>Nickname</AttributeName>
			<Description>Software Token Nickname</Description>
			<DataType>STRING</DataType>
			<DefaultValue/>
			<IsRequired>false</IsRequired>
			<IsMultiValued>false</IsMultiValued>
			<IsDefaultEditable>true</IsDefaultEditable>
		</AttributeDefinition>
		<AttributeDefinition>
			<AttributeName>DeviceSerialNumber</AttributeName>
			<Description>Device Serial Number or Device Type</Description>
			<DataType>STRING</DataType>
			<DefaultValue>8f94b026-d362-4554-ac52-3b01fa333b6f</DefaultValue>
			<IsRequired>false</IsRequired>
			<IsMultiValued>false</IsMultiValued>
			<IsDefaultEditable>true</IsDefaultEditable>
		</AttributeDefinition>
    <AttributeDefinition>
      <AttributeName>TOOLBAR_SITEURL1</AttributeName>
      <Description>Software Token Protected Site URL 1</Description>
      <DataType>STRING</DataType>
      <DefaultValue/>
      <IsRequired>false</IsRequired>
      <IsMultiValued>false</IsMultiValued>
      <IsDefaultEditable>true</IsDefaultEditable>
    </AttributeDefinition>
    <AttributeDefinition>
      <AttributeName>TOOLBAR_SITEURL2</AttributeName>
      <Description>Software Token Protected Site URL 2</Description>
      <DataType>STRING</DataType>
      <DefaultValue/>
      <IsRequired>false</IsRequired>
      <IsMultiValued>false</IsMultiValued>
      <IsDefaultEditable>true</IsDefaultEditable>
    </AttributeDefinition>
    <AttributeDefinition>
      <AttributeName>TOOLBAR_SITEURL3</AttributeName>
      <Description>Software Token Protected Site URL 3</Description>
      <DataType>STRING</DataType>
      <DefaultValue/>
      <IsRequired>false</IsRequired>
      <IsMultiValued>false</IsMultiValued>
      <IsDefaultEditable>true</IsDefaultEditable>
    </AttributeDefinition>
    <AttributeDefinition>
      <AttributeName>TOOLBAR_SITEFILE_URL</AttributeName>
      <Description>Software Token Protected Site URLs File location</Description>
      <DataType>STRING</DataType>
      <DefaultValue/>
      <IsRequired>false</IsRequired>
      <IsMultiValued>false</IsMultiValued>
      <IsDefaultEditable>true</IsDefaultEditable>
    </AttributeDefinition>
	</AttributeDefinitions>
</SoftTokenDeviceDefinition>
